ID,Age,Taille_cm,Poids_kg,Salaire_annuel,Annees_etudes,Nb_enfants,Score_QI,Heures_sport_semaine,Profil
1,20.0,172.9,63.0,12512.0,9.0,0.0,114.0,0.0,Étudiant
2,29.0,187.6,65.2,32116.0,17.0,0.0,97.0,4.9,Jeune sportif
3,28.0,192.5,78.1,26044.0,17.0,0.0,90.0,6.5,Jeune sportif
4,40.0,182.3,73.9,41214.0,15.0,3.0,107.0,2.0,Parent
5,41.0,168.7,74.8,29980.0,14.0,3.0,108.0,1.0,Parent
6,41.0,176.5,88.1,38168.0,15.0,3.0,108.0,1.8,Parent
7,52.0,186.2,79.9,104642.0,18.0,2.0,106.0,3.7,Cadre senior
8,20.0,185.4,62.9,3491.0,12.0,0.0,78.0,3.4,Étudiant
9,51.0,178.5,93.8,65781.0,16.0,2.0,122.0,3.5,Cadre senior
10,54.0,175.0,87.2,90276.0,17.0,2.0,128.0,4.2,Cadre senior
11,53.0,181.5,72.1,56155.0,18.0,2.0,117.0,3.5,Cadre senior
12,35.0,169.1,80.0,44926.0,12.0,3.0,101.0,1.2,Parent
13,28.0,179.7,68.8,22901.0,16.0,0.0,109.0,7.3,Jeune sportif
14,37.0,160.0,91.3,26559.0,13.0,3.0,118.0,0.3,Parent
15,22.0,158.3,54.2,10230.0,12.0,0.0,102.0,4.2,Étudiant
16,52.0,168.6,88.6,57350.0,17.0,1.0,104.0,3.3,Cadre senior
17,18.0,184.0,70.2,7833.0,12.0,0.0,126.0,3.8,Étudiant
18,21.0,177.8,68.8,8672.0,11.0,0.0,121.0,6.2,Étudiant
19,53.0,177.8,82.0,69185.0,16.0,2.0,112.0,1.8,Cadre senior
20,45.0,173.2,62.4,45343.0,17.0,3.0,91.0,1.4,Parent
21,28.0,177.8,57.5,27465.0,13.0,1.0,111.0,6.6,Jeune sportif
22,18.0,176.8,54.8,13264.0,9.0,1.0,104.0,3.3,Étudiant
23,40.0,195.0,80.7,47085.0,15.0,3.0,102.0,2.9,Parent
24,35.0,167.4,79.1,33490.0,13.0,3.0,107.0,1.4,Parent
25,31.0,179.8,74.4,25529.0,14.0,0.0,112.0,7.4,Jeune sportif
26,56.0,169.6,93.2,55178.0,18.0,4.0,107.0,2.2,Cadre senior
27,38.0,174.8,66.8,54739.0,12.0,2.0,115.0,2.9,Parent
28,20.0,186.5,70.7,6313.0,13.0,0.0,108.0,0.4,Étudiant
29,52.0,187.0,61.0,81863.0,17.0,2.0,116.0,0.0,Cadre senior
30,28.0,183.4,61.6,34863.0,16.0,0.0,114.0,11.4,Jeune sportif
31,49.0,179.6,82.8,83624.0,16.0,2.0,112.0,0.8,Cadre senior
32,41.0,171.5,96.9,31534.0,13.0,2.0,86.0,1.4,Parent
33,22.0,163.0,60.8,9468.0,10.0,0.0,100.0,2.8,Étudiant
34,36.0,178.7,75.6,29378.0,13.0,3.0,98.0,2.3,Parent
35,22.0,166.2,66.5,5734.0,11.0,0.0,93.0,0.8,Étudiant
36,56.0,177.2,81.1,68387.0,16.0,2.0,111.0,4.6,Cadre senior
37,28.0,171.7,76.5,18031.0,15.0,0.0,102.0,8.1,Jeune sportif
38,22.0,181.8,67.4,31424.0,14.0,0.0,93.0,8.1,Jeune sportif
39,38.0,175.3,90.9,28097.0,17.0,2.0,104.0,2.7,Parent
40,52.0,172.5,69.6,72823.0,16.0,3.0,108.0,5.3,Cadre senior
41,33.0,184.7,86.8,34247.0,11.0,4.0,104.0,3.5,Parent
42,43.0,170.1,65.2,41697.0,14.0,2.0,106.0,1.5,Parent
43,48.0,173.8,84.7,83707.0,17.0,2.0,106.0,1.2,Cadre senior
44,20.0,173.0,85.5,7712.0,14.0,0.0,102.0,7.0,Étudiant
45,35.0,168.1,70.1,38655.0,17.0,2.0,111.0,0.1,Parent
46,49.0,177.6,84.3,63428.0,19.0,3.0,105.0,4.0,Cadre senior
47,21.0,177.6,79.8,11380.0,12.0,0.0,128.0,3.6,Étudiant
48,39.0,174.5,85.8,46430.0,12.0,2.0,110.0,2.6,Parent
49,24.0,176.7,65.9,19703.0,16.0,1.0,95.0,8.8,Jeune sportif
50,51.0,178.8,97.1,74095.0,17.0,2.0,100.0,3.0,Cadre senior
51,53.0,167.3,83.4,76624.0,16.0,2.0,115.0,1.3,Cadre senior
52,49.0,176.8,72.8,76508.0,16.0,2.0,110.0,5.8,Cadre senior
53,48.0,173.7,88.5,57230.0,17.0,3.0,102.0,3.3,Cadre senior
54,38.0,170.9,87.8,33267.0,15.0,3.0,103.0,3.3,Parent
55,56.0,185.5,81.4,84042.0,17.0,2.0,118.0,5.3,Cadre senior
56,24.0,167.9,57.1,7623.0,12.0,0.0,85.0,6.6,Étudiant
57,54.0,163.7,84.6,67379.0,16.0,3.0,123.0,4.4,Cadre senior
58,26.0,171.6,68.0,32532.0,16.0,0.0,109.0,9.1,Jeune sportif
59,39.0,165.0,72.9,34056.0,13.0,3.0,108.0,1.2,Parent
60,20.0,175.2,64.7,11310.0,12.0,0.0,98.0,3.4,Étudiant
61,25.0,170.6,71.6,33731.0,14.0,1.0,103.0,6.8,Jeune sportif
62,22.0,161.8,56.4,11159.0,12.0,0.0,102.0,3.6,Étudiant
63,26.0,183.0,82.5,28445.0,17.0,0.0,93.0,7.9,Jeune sportif
64,36.0,171.9,60.5,26740.0,13.0,3.0,108.0,3.8,Parent
65,22.0,173.8,72.0,28282.0,14.0,1.0,98.0,7.8,Jeune sportif
66,24.0,175.3,79.0,24539.0,16.0,0.0,113.0,10.2,Jeune sportif
67,38.0,163.8,75.2,41984.0,16.0,3.0,124.0,1.1,Parent
68,21.0,172.4,76.0,26782.0,16.0,0.0,109.0,7.8,Jeune sportif
69,32.0,184.2,71.9,36880.0,15.0,0.0,122.0,8.8,Jeune sportif
70,20.0,170.0,64.4,9862.0,12.0,0.0,106.0,4.7,Étudiant
71,21.0,168.6,56.9,3035.0,13.0,0.0,89.0,0.9,Étudiant
72,40.0,175.0,74.9,30822.0,14.0,2.0,114.0,1.8,Parent
73,27.0,176.5,76.3,32545.0,14.0,0.0,106.0,4.5,Jeune sportif
74,35.0,171.2,78.4,53009.0,15.0,2.0,97.0,2.6,Parent
75,22.0,180.6,71.7,9378.0,12.0,0.0,106.0,3.9,Étudiant
76,27.0,170.8,68.1,20813.0,18.0,0.0,102.0,8.3,Jeune sportif
77,23.0,164.6,72.0,12067.0,13.0,1.0,94.0,1.0,Étudiant
78,43.0,164.3,79.4,44197.0,13.0,3.0,82.0,0.8,Parent
79,19.0,180.4,57.4,15897.0,13.0,0.0,93.0,4.9,Étudiant
80,22.0,187.6,83.5,26506.0,16.0,0.0,132.0,9.7,Jeune sportif
81,25.0,174.6,67.9,22816.0,15.0,0.0,110.0,7.9,Jeune sportif
82,20.0,169.0,53.7,5667.0,10.0,1.0,111.0,6.0,Étudiant
83,42.0,172.5,83.1,43037.0,13.0,2.0,112.0,2.7,Parent
84,38.0,164.8,96.4,43071.0,11.0,3.0,99.0,3.0,Parent
85,50.0,179.8,78.3,66411.0,17.0,1.0,101.0,2.2,Cadre senior
86,32.0,178.8,80.3,28405.0,18.0,1.0,106.0,9.5,Jeune sportif
87,51.0,170.7,74.9,62210.0,17.0,2.0,117.0,4.2,Cadre senior
88,47.0,178.2,74.7,55052.0,18.0,2.0,116.0,0.9,Cadre senior
89,51.0,181.0,85.8,71126.0,16.0,1.0,111.0,4.3,Cadre senior
90,22.0,162.0,72.4,7445.0,11.0,0.0,95.0,0.7,Étudiant
91,20.0,165.8,66.6,5065.0,13.0,0.0,112.0,4.4,Étudiant
92,28.0,180.3,79.3,24940.0,15.0,0.0,104.0,8.6,Jeune sportif
93,22.0,175.6,62.1,11478.0,10.0,0.0,108.0,2.9,Étudiant
94,21.0,171.8,66.6,7567.0,11.0,0.0,102.0,2.4,Étudiant
95,47.0,181.5,91.3,62152.0,18.0,3.0,122.0,5.8,Cadre senior
96,27.0,171.3,60.8,29221.0,14.0,0.0,102.0,6.4,Jeune sportif
97,21.0,175.5,72.1,38059.0,15.0,0.0,115.0,4.7,Jeune sportif
98,52.0,193.2,80.5,75619.0,17.0,1.0,124.0,4.1,Cadre senior
99,22.0,179.9,78.3,11043.0,9.0,0.0,96.0,3.6,Étudiant
100,27.0,181.6,77.0,21252.0,13.0,1.0,111.0,6.9,Jeune sportif
